Student 1,Student 2,Compatibility Score
Student_1,Student_2,0.45588578404420604
Student_1,Student_3,0.6666990450435141
Student_1,Student_4,0.2539467152982298
Student_1,Student_5,0.18804116937964815
Student_1,Student_6,0.2044460266822014
Student_1,Student_7,0.7619663148664565
Student_1,Student_8,0.19390217095680617
Student_1,Student_9,0.4986598283332708
Student_1,Student_10,0.900146881947292
Student_1,Student_11,0.3421510168691776
Student_1,Student_12,0.6564828043384386
Student_1,Student_13,0.6987905185139222
Student_1,Student_14,0.5541953244390702
Student_1,Student_15,0.641125078221979
Student_1,Student_16,0.6456254169967659
Student_1,Student_17,0.5072238135782777
Student_1,Student_18,0.8962716684790824
Student_1,Student_19,0.21726963851233405
Student_1,Student_20,0.34600363814385393
Student_1,Student_21,0.6522468472575189
Student_1,Student_22,0.559325908318731
Student_1,Student_23,0.3358163426706697
Student_1,Student_24,0.6323919118801923
Student_1,Student_25,0.534743436854299
Student_1,Student_26,0.7626258410342718
Student_1,Student_27,0.29448141854107557
Student_1,Student_28,0.6755819928566824
Student_1,Student_29,0.2943575240134262
Student_1,Student_30,0.4018455130319704
Student_1,Student_31,0.21542109952567876
Student_1,Student_32,0.8200609288815912
Student_1,Student_33,0.720615035766364
Student_1,Student_34,0.8120836623059314
Student_1,Student_35,0.9102406252581147
Student_1,Student_36,0.3559252694920118
Student_1,Student_37,0.7577836107616663
Student_1,Student_38,0.49448814283671466
Student_1,Student_39,0.4418180111657769
Student_1,Student_40,0.2499662554258905
Student_1,Student_41,0.6482981537747508
Student_1,Student_42,0.14546771950672724
Student_1,Student_43,0.25696387447456714
Student_1,Student_44,0.45955305208570507
Student_1,Student_45,0.3008840688629185
Student_1,Student_46,0.9147753008105527
Student_1,Student_47,0.48858310885866496
Student_1,Student_48,0.5480634054072029
Student_1,Student_49,0.49283177679397194
Student_1,Student_50,0.6313346338292695
Student_2,Student_3,0.29917319314157304
Student_2,Student_4,0.5987825249161671
Student_2,Student_5,0.36513449743242127
Student_2,Student_6,0.5563081168455477
Student_2,Student_7,0.6897581317567079
Student_2,Student_8,0.7685409256633419
Student_2,Student_9,0.6622103369552536
Student_2,Student_10,0.5558209770346861
Student_2,Student_11,0.49773515901150167
Student_2,Student_12,0.5904056076327652
Student_2,Student_13,0.14627793223928948
Student_2,Student_14,0.21088748619704187
Student_2,Student_15,0.8188458630593461
Student_2,Student_16,0.3154324352827219
Student_2,Student_17,0.34511150578213723
Student_2,Student_18,0.5388038256671098
Student_2,Student_19,0.351408862469112
Student_2,Student_20,0.6823156063443714
Student_2,Student_21,0.30323167714184784
Student_2,Student_22,0.8985239741370132
Student_2,Student_23,0.6953396349813176
Student_2,Student_24,0.2840529693273321
Student_2,Student_25,0.20513600106569718
Student_2,Student_26,0.39467299160338093
Student_2,Student_27,0.6383008316428972
Student_2,Student_28,0.7712773778671835
Student_2,Student_29,0.4497248509494936
Student_2,Student_30,0.7677225159666975
Student_2,Student_31,0.5666125921454787
Student_2,Student_32,0.6454290374341373
Student_2,Student_33,0.5439778793963822
Student_2,Student_34,0.6546877425607501
Student_2,Student_35,0.34001614560811705
Student_2,Student_36,0.5030179189981947
Student_2,Student_37,0.2076608027838469
Student_2,Student_38,0.36226933223884306
Student_2,Student_39,0.2989984592352005
Student_2,Student_40,0.5979632624982303
Student_2,Student_41,0.4912201741324344
Student_2,Student_42,0.6917311964596013
Student_2,Student_43,0.5977352110809847
Student_2,Student_44,0.6036736550681617
Student_2,Student_45,0.45913584626233245
Student_2,Student_46,0.5419682104931964
Student_2,Student_47,0.5649268856895951
Student_2,Student_48,0.6972887639895743
Student_2,Student_49,0.6497863270565156
Student_2,Student_50,0.49252788320852176
Student_3,Student_4,0.2757575973972706
Student_3,Student_5,0.3588404539636105
Student_3,Student_6,0.15736843897092434
Student_3,Student_7,0.39718672442881786
Student_3,Student_8,0.5506699071722486
Student_3,Student_9,0.655159392177041
Student_3,Student_10,0.7343745414311346
Student_3,Student_11,0.19470947322653706
Student_3,Student_12,0.5079426467962183
Student_3,Student_13,0.5374571057683074
Student_3,Student_14,0.7029355793216663
Student_3,Student_15,0.286434181953766
Student_3,Student_16,0.8046642998243352
Student_3,Student_17,0.549643585177025
Student_3,Student_18,0.5338486818409449
Student_3,Student_19,0.3616473935445717
Student_3,Student_20,0.19265408423201952
Student_3,Student_21,0.9918974756298562
Student_3,Student_22,0.40200569197230945
Student_3,Student_23,0.21148637349428717
Student_3,Student_24,0.989841781810216
Student_3,Student_25,0.5006167984984797
Student_3,Student_26,0.7042881650033058
Student_3,Student_27,0.6569310560726315
Student_3,Student_28,0.3017644155527723
Student_3,Student_29,0.24632972160916677
Student_3,Student_30,0.5417240977935127
Student_3,Student_31,0.3508614388304637
Student_3,Student_32,0.43927860988014394
Student_3,Student_33,0.5207864951650539
Student_3,Student_34,0.6543655980415767
Student_3,Student_35,0.759039348410862
Student_3,Student_36,0.37637067564458165
Student_3,Student_37,0.8899026929529007
Student_3,Student_38,0.356191542610052
Student_3,Student_39,0.42057495469711703
Student_3,Student_40,0.10020793707675409
Student_3,Student_41,0.5927199705877086
Student_3,Student_42,0.1981710355889516
Student_3,Student_43,0.3137487641914819
Student_3,Student_44,0.09354035820875466
Student_3,Student_45,0.24200807993349746
Student_3,Student_46,0.7451725647781797
Student_3,Student_47,0.34046671391741284
Student_3,Student_48,0.601226703159948
Student_3,Student_49,0.46624678458469565
Student_3,Student_50,0.6032307927311603
Student_4,Student_5,0.7474764649787371
Student_4,Student_6,0.5470818873108446
Student_4,Student_7,0.4843680919130334
Student_4,Student_8,0.5588310977714716
Student_4,Student_9,0.4492216280298719
Student_4,Student_10,0.3481952008640937
Student_4,Student_11,0.9319310756784487
Student_4,Student_12,0.6029875290836568
Student_4,Student_13,0.5424820894990481
Student_4,Student_14,0.39573642403794457
Student_4,Student_15,0.6114844570919675
Student_4,Student_16,0.3011327041053777
Student_4,Student_17,0.5356172202168262
Student_4,Student_18,0.15919228934575202
Student_4,Student_19,0.7433185591446101
Student_4,Student_20,0.9187329777621754
Student_4,Student_21,0.31080048065714655
Student_4,Student_22,0.49552678104341247
Student_4,Student_23,0.9128101636173511
Student_4,Student_24,0.3006785551052741
Student_4,Student_25,0.20852773675122221
Student_4,Student_26,0.004847328172944748
Student_4,Student_27,0.4415364334500912
Student_4,Student_28,0.5935645016768254
Student_4,Student_29,0.6602996081758117
Student_4,Student_30,0.5466522466789345
Student_4,Student_31,0.54596351536758
Student_4,Student_32,0.24044877420650648
Student_4,Student_33,0.3542359906559346
Student_4,Student_34,0.27062524919243147
Student_4,Student_35,0.33932467085745727
Student_4,Student_36,0.9002421945667275
Student_4,Student_37,0.21412220555415432
Student_4,Student_38,0.5492035860875429
Student_4,Student_39,0.3045237179624974
Student_4,Student_40,0.7893760647185313
Student_4,Student_41,0.1042830709720765
Student_4,Student_42,0.8981285573499546
Student_4,Student_43,0.8098572999567986
Student_4,Student_44,0.8118738605156476
Student_4,Student_45,0.4758956364201862
Student_4,Student_46,0.35579633173213576
Student_4,Student_47,0.5532579631658217
Student_4,Student_48,0.7019438430157733
Student_4,Student_49,0.2464683370718931
Student_4,Student_50,0.10338483843461692
Student_5,Student_6,0.7970459858986098
Student_5,Student_7,0.4516846097626961
Student_5,Student_8,0.6131759753560796
Student_5,Student_9,0.4899345743472036
Student_5,Student_10,0.11139878561129046
Student_5,Student_11,0.8631711506733987
Student_5,Student_12,0.5488193147300892
Student_5,Student_13,0.47878145100991404
Student_5,Student_14,0.44392178012905564
Student_5,Student_15,0.5629699454656111
Student_5,Student_16,0.5497713193770111
Student_5,Student_17,0.2900069776770509
Student_5,Student_18,0.09495225078771784
Student_5,Student_19,1.0
Student_5,Student_20,0.6554673356820138
Student_5,Student_21,0.34761067900830306
Student_5,Student_22,0.24633175588185313
Student_5,Student_23,0.6460824185095618
Student_5,Student_24,0.34077589815501497
Student_5,Student_25,0.46615375689469435
Student_5,Student_26,0.2467767953078866
Student_5,Student_27,0.512171585208255
Student_5,Student_28,0.5652131605192244
Student_5,Student_29,0.9099831089814796
Student_5,Student_30,0.5956837968728195
Student_5,Student_31,0.604037300903366
Student_5,Student_32,0.19975804393609084
Student_5,Student_33,0.29096298139269877
Student_5,Student_34,0.00324359281721603
Student_5,Student_35,0.288209602088402
Student_5,Student_36,0.6618767938846156
Student_5,Student_37,0.44535382702701604
Student_5,Student_38,0.5020115965587284
Student_5,Student_39,0.5528328787154615
Student_5,Student_40,0.7474109502629592
Student_5,Student_41,0.3558669380147527
Student_5,Student_42,0.6452509634337747
Student_5,Student_43,0.5587129729745725
Student_5,Student_44,0.7365402031975326
Student_5,Student_45,0.701263795795464
Student_5,Student_46,0.11938928999058285
Student_5,Student_47,0.2899966867539443
Student_5,Student_48,0.44322255029475144
Student_5,Student_49,0.5051390784965891
Student_5,Student_50,0.35179581781939595
Student_6,Student_7,0.45350630099273553
Student_6,Student_8,0.6048918713014766
Student_6,Student_9,0.5063472146856177
Student_6,Student_10,0.11109699841956223
Student_6,Student_11,0.6540981865692852
Student_6,Student_12,0.34758742345381455
Student_6,Student_13,0.3067257370120274
Student_6,Student_14,0.4689988193489521
Student_6,Student_15,0.5486736625361742
Student_6,Student_16,0.3402547069532936
Student_6,Student_17,0.3110708066928698
Student_6,Student_18,0.29879618836046407
Student_6,Student_19,0.7782733045398597
Student_6,Student_20,0.6584742167715042
Student_6,Student_21,0.14464671814046076
Student_6,Student_22,0.44909466717695834
Student_6,Student_23,0.6533198033056902
Student_6,Student_24,0.15190499679779065
Student_6,Student_25,0.6570945181713903
Student_6,Student_26,0.4456451362943015
Student_6,Student_27,0.5051310579817608
Student_6,Student_28,0.5474045332241607
Student_6,Student_29,0.9073881048088751
Student_6,Student_30,0.6061536748401305
Student_6,Student_31,0.7906456129795539
Student_6,Student_32,0.41085982116175035
Student_6,Student_33,0.2946403655488596
Student_6,Student_34,0.20808057798281146
Student_6,Student_35,0.10367287313401341
Student_6,Student_36,0.46838183676795125
Student_6,Student_37,0.2477653401762815
Student_6,Student_38,0.496506832038818
Student_6,Student_39,0.7498058039411227
Student_6,Student_40,0.7469682021716573
Student_6,Student_41,0.5579994190194204
Student_6,Student_42,0.6338368939156341
Student_6,Student_43,0.5394631758085365
Student_6,Student_44,0.739321970784208
Student_6,Student_45,0.9095030759197357
Student_6,Student_46,0.11710613372581927
Student_6,Student_47,0.4989555078146253
Student_6,Student_48,0.2483117827680999
Student_6,Student_49,0.7007005216311317
Student_6,Student_50,0.5616187830260818
Student_7,Student_8,0.4407264686580943
Student_7,Student_9,0.7523836898273478
Student_7,Student_10,0.6597519762978243
Student_7,Student_11,0.6050109416993984
Student_7,Student_12,0.9018958161659875
Student_7,Student_13,0.4600104609256714
Student_7,Student_14,0.2729676770700077
Student_7,Student_15,0.906778753195309
Student_7,Student_16,0.39345924316872577
Student_7,Student_17,0.23169367103143543
Student_7,Student_18,0.6551120259952499
Student_7,Student_19,0.46373658545162955
Student_7,Student_20,0.5986255148537231
Student_7,Student_21,0.4095287454720294
Student_7,Student_22,0.8161227825798865
Student_7,Student_23,0.6131491445358405
Student_7,Student_24,0.4163996452937139
Student_7,Student_25,0.30742127491071897
Student_7,Student_26,0.5007543363890159
Student_7,Student_27,0.5339803418810284
Student_7,Student_28,0.8975393751187004
Student_7,Student_29,0.541567534046838
Student_7,Student_30,0.6717094271749782
Student_7,Student_31,0.4482411418756766
Student_7,Student_32,0.5512320480678448
Student_7,Student_33,0.4555148537604046
Student_7,Student_34,0.5504360244637245
Student_7,Student_35,0.6669505104043075
Student_7,Student_36,0.5937735063826555
Student_7,Student_37,0.5019460745523724
Student_7,Student_38,0.2425752941430195
Student_7,Student_39,0.18679977488779295
Student_7,Student_40,0.49388230909094716
Student_7,Student_41,0.3996296320295159
Student_7,Student_42,0.39570697775482744
Student_7,Student_43,0.49307579020126147
Student_7,Student_44,0.6859368253632816
Student_7,Student_45,0.549168944273713
Student_7,Student_46,0.63495279625969
Student_7,Student_47,0.25760055963689604
Student_7,Student_48,0.8008243975293451
Student_7,Student_49,0.7354244850053507
Student_7,Student_50,0.39690790922950137
Student_8,Student_9,0.6924784359440941
Student_8,Student_10,0.30319174510419183
Student_8,Student_11,0.4634045044602314
Student_8,Student_12,0.5312482753035426
Student_8,Student_13,0.10115026079147418
Student_8,Student_14,0.2483986720443336
Student_8,Student_15,0.5567134007645047
Student_8,Student_16,0.5521319662823769
Student_8,Student_17,0.2924803066826119
Student_8,Student_18,0.29680946064333386
Student_8,Student_19,0.5920397414319651
Student_8,Student_20,0.46076007138598596
Student_8,Student_21,0.5502131164867193
Student_8,Student_22,0.6690119068575301
Student_8,Student_23,0.44939339186185373
Student_8,Student_24,0.5429159323308953
Student_8,Student_25,0.23486285607387172
Student_8,Student_26,0.4319686032374405
Student_8,Student_27,0.884158640569945
Student_8,Student_28,0.5526712665101149
Student_8,Student_29,0.5050872502322994
Student_8,Student_30,0.7841880929796787
Student_8,Student_31,0.6089503831407611
Student_8,Student_32,0.3951693894831656
Student_8,Student_33,0.5014679301198555
Student_8,Student_34,0.41612220628255425
Student_8,Student_35,0.3089683931586554
Student_8,Student_36,0.4473146935209416
Student_8,Student_37,0.4410880777458471
Student_8,Student_38,0.278481845986707
Student_8,Student_39,0.34280846680757576
Student_8,Student_40,0.547888697611723
Student_8,Student_41,0.5401282047284882
Student_8,Student_42,0.6486874303290768
Student_8,Student_43,0.5507685188295877
Student_8,Student_44,0.34775144018191917
Student_8,Student_45,0.4934999741917654
Student_8,Student_46,0.3016865467196673
Student_8,Student_47,0.30441940649569416
Student_8,Student_48,0.6390960092255715
Student_8,Student_49,0.7141093237974626
Student_8,Student_50,0.5490141186771574
Student_9,Student_10,0.6001884962294485
Student_9,Student_11,0.35708214423256557
Student_9,Student_12,0.652332161312635
Student_9,Student_13,0.20953136633913247
Student_9,Student_14,0.5528712416520182
Student_9,Student_15,0.6438756262535956
Student_9,Student_16,0.453615035252061
Student_9,Student_17,0.1885627379267934
Student_9,Student_18,0.40108559705776525
Student_9,Student_19,0.4996677000935554
Student_9,Student_20,0.5479188314272745
Student_9,Student_21,0.6487146248856107
Student_9,Student_22,0.7311815095450236
Student_9,Student_23,0.5445127509225903
Student_9,Student_24,0.6509284490114111
Student_9,Student_25,0.35159856391997396
Student_9,Student_26,0.5397232485907405
Student_9,Student_27,0.8126570784086471
Student_9,Student_28,0.6413382515178551
Student_9,Student_29,0.6096945720052673
Student_9,Student_30,0.9042719436187168
Student_9,Student_31,0.6935377269015619
Student_9,Student_32,0.31775310892609515
Student_9,Student_33,0.1880636316824352
Student_9,Student_34,0.5091915417361
Student_9,Student_35,0.41000582318042983
Student_9,Student_36,0.5432937979092335
Student_9,Student_37,0.5639246530006433
Student_9,Student_38,0.0
Student_9,Student_39,0.25288693629279857
Student_9,Student_40,0.2526032183877122
Student_9,Student_41,0.4486569125852945
Student_9,Student_42,0.3581080827315978
Student_9,Student_43,0.4579348872055221
Student_9,Student_44,0.43251468026761813
Student_9,Student_45,0.6130434024287815
Student_9,Student_46,0.5833750801196432
Student_9,Student_47,0.2103254620434166
Student_9,Student_48,0.7612670513682759
Student_9,Student_49,0.789090335697848
Student_9,Student_50,0.4458918571204541
Student_10,Student_11,0.23894295331514065
Student_10,Student_12,0.5478507896971127
Student_10,Student_13,0.5969196571581425
Student_10,Student_14,0.6577966053226934
Student_10,Student_15,0.563103087461196
Student_10,Student_16,0.5639568381078996
Student_10,Student_17,0.594378319734217
Student_10,Student_18,0.7979077812625548
Student_10,Student_19,0.0831656180777905
Student_10,Student_20,0.44194129933503806
Student_10,Student_21,0.7596485163309745
Student_10,Student_22,0.6661558282354824
Student_10,Student_23,0.43765651128120076
Student_10,Student_24,0.7440753574084711
Student_10,Student_25,0.4497359424304107
Student_10,Student_26,0.652801611588196
Student_10,Student_27,0.39190396480078354
Student_10,Student_28,0.5542406104446408
Student_10,Student_29,0.19526160652929084
Student_10,Student_30,0.4998554772912172
Student_10,Student_31,0.305462842480037
Student_10,Student_32,0.7000642226981093
Student_10,Student_33,0.5956361410947343
Student_10,Student_34,0.8989039019607418
Student_10,Student_35,0.7991163704079467
Student_10,Student_36,0.4462998897011787
Student_10,Student_37,0.647412039373329
Student_10,Student_38,0.4159864717050472
Student_10,Student_39,0.35560919447941236
Student_10,Student_40,0.1470451968197084
Student_10,Student_41,0.5569695440451075
Student_10,Student_42,0.2466618051024399
Student_10,Student_43,0.3617312463758664
Student_10,Student_44,0.3536964219219809
Student_10,Student_45,0.19892697855995772
Student_10,Student_46,1.0
Student_10,Student_47,0.584291238479315
Student_10,Student_48,0.638732325310902
Student_10,Student_49,0.3880607499360095
Student_10,Student_50,0.5514294309476371
Student_11,Student_12,0.7173251499948509
Student_11,Student_13,0.6723130014619262
Student_11,Student_14,0.3063805110144076
Student_11,Student_15,0.7050084447494446
Student_11,Student_16,0.38198942265847263
Student_11,Student_17,0.44457326200265973
Student_11,Student_18,0.2421221624809176
Student_11,Student_19,0.8437915240174888
Student_11,Student_20,0.7983185618141522
Student_11,Student_21,0.19527909422302875
Student_11,Student_22,0.3802070018962421
Student_11,Student_23,0.8074791025611754
Student_11,Student_24,0.18927256974260195
Student_11,Student_25,0.3023924686411115
Student_11,Student_26,0.12074082669749975
Student_11,Student_27,0.3408061540841357
Student_11,Student_28,0.6746971247725366
Student_11,Student_29,0.7471399577811989
Student_11,Student_30,0.4610095963499857
Student_11,Student_31,0.46958347454220595
Student_11,Student_32,0.3377045040554758
Student_11,Student_33,0.4549669922323652
Student_11,Student_34,0.14534689543219947
Student_11,Student_35,0.4489405164569586
Student_11,Student_36,0.8264434334701702
Student_11,Student_37,0.2849702967160485
Student_11,Student_38,0.6525373966149458
Student_11,Student_39,0.40467693171765434
Student_11,Student_40,0.9108578632493934
Student_11,Student_41,0.20097983153470897
Student_11,Student_42,0.803080505395041
Student_11,Student_43,0.6960835143257821
Student_11,Student_44,0.9026912694124511
Student_11,Student_45,0.546568077245026
Student_11,Student_46,0.2562157188985605
Student_11,Student_47,0.4463038966395637
Student_11,Student_48,0.6037710039390218
Student_11,Student_49,0.3497073718631502
Student_11,Student_50,0.2112605025077217
Student_12,Student_13,0.549486062764115
Student_12,Student_14,0.1822696753179312
Student_12,Student_15,0.8126192150071399
Student_12,Student_16,0.49094267699137384
Student_12,Student_17,0.3434623366135118
Student_12,Student_18,0.5440433870595651
Student_12,Student_19,0.5637443809317081
Student_12,Student_20,0.47864325786021306
Student_12,Student_21,0.5313774853365999
Student_12,Student_22,0.7105605680906606
Student_12,Student_23,0.5022323891412916
Student_12,Student_24,0.49945105999383715
Student_12,Student_25,0.2028555407485766
Student_12,Student_26,0.4052112242837934
Student_12,Student_27,0.6564521558595006
Student_12,Student_28,0.8055560446600344
Student_12,Student_29,0.4508958068125524
Student_12,Student_30,0.5480266157969268
Student_12,Student_31,0.34848726716346484
Student_12,Student_32,0.44805091719647316
Student_12,Student_33,0.5613377009686705
Student_12,Student_34,0.4559355672228087
Student_12,Student_35,0.7205961136533572
Student_12,Student_36,0.7065590077652976
Student_12,Student_37,0.6019473619471877
Student_12,Student_38,0.349812912435541
Student_12,Student_39,0.09611481546911115
Student_12,Student_40,0.6112411271998601
Student_12,Student_41,0.3094752646212286
Student_12,Student_42,0.49227122332176393
Student_12,Student_43,0.6040705228712453
Student_12,Student_44,0.5902834326545872
Student_12,Student_45,0.43620381835211064
Student_12,Student_46,0.5437328277541004
Student_12,Student_47,0.15862393472382758
Student_12,Student_48,0.9095312504537609
Student_12,Student_49,0.655130854200973
Student_12,Student_50,0.30725095786848
Student_13,Student_14,0.6551617828711496
Student_13,Student_15,0.34358518404777044
Student_13,Student_16,0.5543192254467394
Student_13,Student_17,0.8080040952522769
Student_13,Student_18,0.6075429132981357
Student_13,Student_19,0.5118891337147464
Student_13,Student_20,0.4570830384720106
Student_13,Student_21,0.5535144820754158
Student_13,Student_22,0.26070150238316425
Student_13,Student_23,0.44973478740750933
Student_13,Student_24,0.5411812534877227
Student_13,Student_25,0.6483693303605624
Student_13,Student_26,0.44255097355193546
Student_13,Student_27,0.1932482172502562
Student_13,Student_28,0.3485548132928448
Student_13,Student_29,0.39207580079000043
Student_13,Student_30,0.0969203847036096
Student_13,Student_31,0.2810638533304622
Student_13,Student_32,0.5021329370737294
Student_13,Student_33,0.6000120547536222
Student_13,Student_34,0.4918291136893181
Student_13,Student_35,0.806592456684324
Student_13,Student_36,0.6593757013762656
Student_13,Student_37,0.6339244013563101
Student_13,Student_38,0.7923727522143378
Student_13,Student_39,0.542308576502127
Student_13,Student_40,0.5406009689889113
Student_13,Student_41,0.35829474841931747
Student_13,Student_42,0.44806173861227194
Student_13,Student_43,0.5473548515868939
Student_13,Student_44,0.5299613763559324
Student_13,Student_45,0.4063541803020923
Student_13,Student_46,0.5876074160514653
Student_13,Student_47,0.6005993263026632
Student_13,Student_48,0.45277376937958186
Student_13,Student_49,0.21360658595838652
Student_13,Student_50,0.33691179600880883
Student_14,Student_15,0.16980487844179176
Student_14,Student_16,0.501838495447537
Student_14,Student_17,0.6680051118151086
Student_14,Student_18,0.4623894635293943
Student_14,Student_19,0.4520965941527462
Student_14,Student_20,0.4950836381436795
Student_14,Student_21,0.7080712259663731
Student_14,Student_22,0.2902645380029554
Student_14,Student_23,0.5047635776935622
Student_14,Student_24,0.7050547015916663
Student_14,Student_25,0.8106020990749888
Student_14,Student_26,0.6275966003891108
Student_14,Student_27,0.35392415967178764
Student_14,Student_28,0.19491036374292503
Student_14,Student_29,0.54974425687808
Student_14,Student_30,0.4323092409511088
Student_14,Student_31,0.6430528686891095
Student_14,Student_32,0.3459071756188689
Student_14,Student_33,0.2447591160206541
Student_14,Student_34,0.5515235487203372
Student_14,Student_35,0.44177580067617794
Student_14,Student_36,0.5112103066732447
Student_14,Student_37,0.600002070649182
Student_14,Student_38,0.44990699678861384
Student_14,Student_39,0.6967210528348707
Student_14,Student_40,0.2015519068385898
Student_14,Student_41,0.5082509826466763
Student_14,Student_42,0.29132869784289106
Student_14,Student_43,0.39341883510924747
Student_14,Student_44,0.3969627397122334
Student_14,Student_45,0.5365412907652679
Student_14,Student_46,0.6418074214027849
Student_14,Student_47,0.6452377912645534
Student_14,Student_48,0.3087438918071273
Student_14,Student_49,0.35262561329001924
Student_14,Student_50,0.5019358991136754
Student_15,Student_16,0.5085089796216797
Student_15,Student_17,0.14862628211600604
Student_15,Student_18,0.5539046484992888
Student_15,Student_19,0.548967782470675
Student_15,Student_20,0.7026536234939963
Student_15,Student_21,0.2941724134238842
Student_15,Student_22,0.6756118284172357
Student_15,Student_23,0.6986572083781369
Student_15,Student_24,0.3142274813609994
Student_15,Student_25,0.20926215402241594
Student_15,Student_26,0.4096539748459117
Student_15,Student_27,0.4623613072180622
Student_15,Student_28,1.0
Student_15,Student_29,0.6519731570740559
Student_15,Student_30,0.7438234810456565
Student_15,Student_31,0.3468392714397295
Student_15,Student_32,0.6561577114977114
Student_15,Student_33,0.5620388443716882
Student_15,Student_34,0.44860553724318997
Student_15,Student_35,0.5454981073514859
Student_15,Student_36,0.500005279588566
Student_15,Student_37,0.4060120674892912
Student_15,Student_38,0.33556145183866454
Student_15,Student_39,0.27703819046862765
Student_15,Student_40,0.5944946315050842
Student_15,Student_41,0.4877928757408584
Student_15,Student_42,0.4949185980235269
Student_15,Student_43,0.3985221968118253
Student_15,Student_44,0.7954675159097698
Student_15,Student_45,0.4645246753447074
Student_15,Student_46,0.5532674476460231
Student_15,Student_47,0.3530047435961083
Student_15,Student_48,0.706222071440434
Student_15,Student_49,0.6386116688221923
Student_15,Student_50,0.5103911178742027
Student_16,Student_17,0.34924235713464535
Student_16,Student_18,0.5567048061724121
Student_16,Student_19,0.5392814276695984
Student_16,Student_20,0.18446241233983937
Student_16,Student_21,0.8081788965802502
Student_16,Student_22,0.20376409526097516
Student_16,Student_23,0.1909794844564249
Student_16,Student_24,0.791303369187253
Student_16,Student_25,0.5112543478441477
Student_16,Student_26,0.6881058810713266
Student_16,Student_27,0.4664267295325596
Student_16,Student_28,0.49099379265352133
Student_16,Student_29,0.4563839192560838
Student_16,Student_30,0.5467138152425102
Student_16,Student_31,0.15603187431082344
Student_16,Student_32,0.6445588599788581
Student_16,Student_33,0.748372070939277
Student_16,Student_34,0.4504091917539572
Student_16,Student_35,0.7399781254421852
Student_16,Student_36,0.20740824345420128
Student_16,Student_37,0.8948678643352841
Student_16,Student_38,0.5477140008465997
Student_16,Student_39,0.5900565062539148
Student_16,Student_40,0.2743766634120469
Student_16,Student_41,0.7980897223739983
Student_16,Student_42,0.22412615421612916
Student_16,Student_43,0.10784604287898024
Student_16,Student_44,0.2998073962026561
Student_16,Student_45,0.24737109170791732
Student_16,Student_46,0.5502246589281206
Student_16,Student_47,0.3554711911517521
Student_16,Student_48,0.38819187184691156
Student_16,Student_49,0.4611432169466887
Student_16,Student_50,0.8071538131544125
Student_17,Student_18,0.6071818572570793
Student_17,Student_19,0.30438475738809734
Student_17,Student_20,0.45019616657693984
Student_17,Student_21,0.5567286123596681
Student_17,Student_22,0.45591814133741376
Student_17,Student_23,0.44645959289058973
Student_17,Student_24,0.5442639822710309
Student_17,Student_25,0.6510185629526198
Student_17,Student_26,0.46549020151495185
Student_17,Student_27,0.387608929243461
Student_17,Student_28,0.1353247473424756
Student_17,Student_29,0.20164760841236518
Student_17,Student_30,0.10050887701856019
Student_17,Student_31,0.5017334166437041
Student_17,Student_32,0.502439531979085
Student_17,Student_33,0.597767977453652
Student_17,Student_34,0.7148986343860207
Student_17,Student_35,0.5839909602152348
Student_17,Student_36,0.6417150297521975
Student_17,Student_37,0.4489674523985095
Student_17,Student_38,0.7835681118884582
Student_17,Student_39,0.5482414559556793
Student_17,Student_40,0.5666147016572801
Student_17,Student_41,0.3502088648829596
Student_17,Student_42,0.6523070090571867
Student_17,Student_43,0.7373983523482742
Student_17,Student_44,0.3438363859196052
Student_17,Student_45,0.39624803619676063
Student_17,Student_46,0.5968228490324377
Student_17,Student_47,0.8128164379500377
Student_17,Student_48,0.4555769106072512
Student_17,Student_49,0.1888854204306297
Student_17,Student_50,0.35246504778432003
Student_18,Student_19,0.10498221748496786
Student_18,Student_20,0.26140149038521265
Student_18,Student_21,0.5658054068656838
Student_18,Student_22,0.6398490580817213
Student_18,Student_23,0.2418914248878966
Student_18,Student_24,0.5374242214108539
Student_18,Student_25,0.6476598014089301
Student_18,Student_26,0.8546635837444633
Student_18,Student_27,0.409873345165891
Student_18,Student_28,0.5492404897635748
Student_18,Student_29,0.19680152476745158
Student_18,Student_30,0.30151757992248746
Student_18,Student_31,0.29164857098369984
Student_18,Student_32,0.9208953872169476
Student_18,Student_33,0.7839233897288194
Student_18,Student_34,0.9018474057889573
Student_18,Student_35,0.8202360621922964
Student_18,Student_36,0.25006799844559996
Student_18,Student_37,0.648099609649985
Student_18,Student_38,0.5964255457718957
Student_18,Student_39,0.5481960831823759
Student_18,Student_40,0.3637284847467653
Student_18,Student_41,0.727881380886705
Student_18,Student_42,0.2653343370129633
Student_18,Student_43,0.33576042847549853
Student_18,Student_44,0.34733347670765585
Student_18,Student_45,0.3957075557970134
Student_18,Student_46,0.8058855326977072
Student_18,Student_47,0.5840187564811625
Student_18,Student_48,0.4546217266608195
Student_18,Student_49,0.6202430962328686
Student_18,Student_50,0.7363682599540718
Student_19,Student_20,0.651897061676104
Student_19,Student_21,0.34338017822203387
Student_19,Student_22,0.2542588720619304
Student_19,Student_23,0.6501914777741575
Student_19,Student_24,0.3435851309095569
Student_19,Student_25,0.45487872284871067
Student_19,Student_26,0.2680434810978674
Student_19,Student_27,0.498090962082727
Student_19,Student_28,0.5571975794214817
Student_19,Student_29,0.8870672704212884
Student_19,Student_30,0.5904356362318199
Student_19,Student_31,0.6047240627788038
Student_19,Student_32,0.21484116028535966
Student_19,Student_33,0.30355613348785665
Student_19,Student_34,0.0
Student_19,Student_35,0.29999291405423356
Student_19,Student_36,0.6374959226603029
Student_19,Student_37,0.4560451532635536
Student_19,Student_38,0.508823330623234
Student_19,Student_39,0.5454790966716693
Student_19,Student_40,0.745299578522405
Student_19,Student_41,0.3526587822965205
Student_19,Student_42,0.6456328026395941
Student_19,Student_43,0.5493386738537418
Student_19,Student_44,0.7709972178916652
Student_19,Student_45,0.69752974299254
Student_19,Student_46,0.09641659847978779
Student_19,Student_47,0.29352458194364844
Student_19,Student_48,0.4574419197149993
Student_19,Student_49,0.49818775826781897
Student_19,Student_50,0.3435062696167857
Student_20,Student_21,0.21321304032273014
Student_20,Student_22,0.6141960300451363
Student_20,Student_23,0.9939957643426129
Student_20,Student_24,0.18133460048639385
Student_20,Student_25,0.31007513689836924
Student_20,Student_26,0.09315370174239997
Student_20,Student_27,0.3579062559916277
Student_20,Student_28,0.6802989618228816
Student_20,Student_29,0.7589259733829931
Student_20,Student_30,0.6378882807071921
Student_20,Student_31,0.6573076411906653
Student_20,Student_32,0.3501427306783643
Student_20,Student_33,0.24046060580603354
Student_20,Student_34,0.3459296368707322
Student_20,Student_35,0.256863184569567
Student_20,Student_36,0.8010589445311522
Student_20,Student_37,0.10584412980472485
Student_20,Student_38,0.46976440584515494
Student_20,Student_39,0.3843575838828895
Student_20,Student_40,0.7161721257496863
Student_20,Student_41,0.20104355937523213
Student_20,Student_42,0.7910121595167687
Student_20,Student_43,0.6866968637426101
Student_20,Student_44,0.8981087960922297
Student_20,Student_45,0.5592165011192446
Student_20,Student_46,0.4487245087962246
Student_20,Student_47,0.6651115493024735
Student_20,Student_48,0.5854882430994844
Student_20,Student_49,0.3498791105215394
Student_20,Student_50,0.18747606555586882
Student_21,Student_22,0.4036363188262497
Student_21,Student_23,0.20886887390097303
Student_21,Student_24,0.9957923820631894
Student_21,Student_25,0.47395786143372864
Student_21,Student_26,0.701989481467965
Student_21,Student_27,0.6543673855173351
Student_21,Student_28,0.304042947549617
Student_21,Student_29,0.26235782191822155
Student_21,Student_30,0.5392894632035095
Student_21,Student_31,0.35680216105450446
Student_21,Student_32,0.46192507512477976
Student_21,Student_33,0.5322141241599349
Student_21,Student_34,0.6531965182591898
Student_21,Student_35,0.7449582016899233
Student_21,Student_36,0.39918477326898355
Student_21,Student_37,0.9034767648353834
Student_21,Student_38,0.34512771435886447
Student_21,Student_39,0.3932429192083839
Student_21,Student_40,0.10034152417488025
Student_21,Student_41,0.589127540611372
Student_21,Student_42,0.18914174871114817
Student_21,Student_43,0.30679373282956507
Student_21,Student_44,0.08851205964841344
Student_21,Student_45,0.2566631250090921
Student_21,Student_46,0.7546259129285395
Student_21,Student_47,0.332741932712094
Student_21,Student_48,0.5932243534766434
Student_21,Student_49,0.4619410940304738
Student_21,Student_50,0.5901883446886032
Student_22,Student_23,0.595355957376906
Student_22,Student_24,0.404620608932519
Student_22,Student_25,0.307833905092826
Student_22,Student_26,0.49748461113955506
Student_22,Student_27,0.7440248980530836
Student_22,Student_28,0.714223698616985
Student_22,Student_29,0.36738899663797575
Student_22,Student_30,0.659788580507818
Student_22,Student_31,0.6508531814256502
Student_22,Student_32,0.5419173427835907
Student_22,Student_33,0.4416955559344343
Student_22,Student_34,0.7552251410526576
Student_22,Student_35,0.4541839822088869
Student_22,Student_36,0.6140159859294643
Student_22,Student_37,0.3065045009253614
Student_22,Student_38,0.23496919698240182
Student_22,Student_39,0.2105194761772292
Student_22,Student_40,0.4900193937268559
Student_22,Student_41,0.39616028728047653
Student_22,Student_42,0.6025020020625169
Student_22,Student_43,0.7199566748978397
Student_22,Student_44,0.5310991855600536
Student_22,Student_45,0.5560672305913618
Student_22,Student_46,0.6481680338127962
Student_22,Student_47,0.45534505648480544
Student_22,Student_48,0.8088765542587384
Student_22,Student_49,0.7467933237444281
Student_22,Student_50,0.41795211355912326
Student_23,Student_24,0.20230070759191404
Student_23,Student_25,0.304977430890914
Student_23,Student_26,0.10665924252054462
Student_23,Student_27,0.35421586610614453
Student_23,Student_28,0.708389405004696
Student_23,Student_29,0.7438274681345308
Student_23,Student_30,0.6444169824605396
Student_23,Student_31,0.6389984576702831
Student_23,Student_32,0.35439501230620224
Student_23,Student_33,0.2577893650351211
Student_23,Student_34,0.3545777286615188
Student_23,Student_35,0.26674492433347535
Student_23,Student_36,0.7999440398117095
Student_23,Student_37,0.10668741655592513
Student_23,Student_38,0.43908299123860695
Student_23,Student_39,0.396129002975256
Student_23,Student_40,0.7069553775756579
Student_23,Student_41,0.20849102110743145
Student_23,Student_42,0.7970603305233582
Student_23,Student_43,0.6992840074814193
Student_23,Student_44,0.8848212625331919
Student_23,Student_45,0.5464297079919339
Student_23,Student_46,0.4589038316351978
Student_23,Student_47,0.6557520501610656
Student_23,Student_48,0.6050066572138121
Student_23,Student_49,0.3504977368718096
Student_23,Student_50,0.20007063158628177
Student_24,Student_25,0.49339678860526553
Student_24,Student_26,0.7069882842020254
Student_24,Student_27,0.6542097294438939
Student_24,Student_28,0.304920188479928
Student_24,Student_29,0.2447396515733242
Student_24,Student_30,0.5284665708012874
Student_24,Student_31,0.36097152711753694
Student_24,Student_32,0.445211625439916
Student_24,Student_33,0.5413722423595688
Student_24,Student_34,0.6569347891191399
Student_24,Student_35,0.7460798736008087
Student_24,Student_36,0.41059936384046625
Student_24,Student_37,0.906170059495767
Student_24,Student_38,0.35683569323200476
Student_24,Student_39,0.3863404428879947
Student_24,Student_40,0.11211943985386401
Student_24,Student_41,0.6026125053123386
Student_24,Student_42,0.196307228607538
Student_24,Student_43,0.3014338846734226
Student_24,Student_44,0.08223764767101681
Student_24,Student_45,0.2540865281148067
Student_24,Student_46,0.7397062849181792
Student_24,Student_47,0.33647329714156465
Student_24,Student_48,0.5847764081378211
Student_24,Student_49,0.4611268837498993
Student_24,Student_50,0.5937073660630721
Student_25,Student_26,0.8153372770991649
Student_25,Student_27,0.344641985369477
Student_25,Student_28,0.18292642042407053
Student_25,Student_29,0.5388347556005133
Student_25,Student_30,0.2623581162000694
Student_25,Student_31,0.6484410182206334
Student_25,Student_32,0.5445171270350939
Student_25,Student_33,0.4516001822585278
Student_25,Student_34,0.5550178273616754
Student_25,Student_35,0.46117398815902455
Student_25,Student_36,0.3144849922989293
Student_25,Student_37,0.5964023135421092
Student_25,Student_38,0.6367395231391796
Student_25,Student_39,0.8958653483887672
Student_25,Student_40,0.4026028050658289
Student_25,Student_41,0.6903624107378938
Student_25,Student_42,0.2904284908510496
Student_25,Student_43,0.40343787881549886
Student_25,Student_44,0.3995134764842955
Student_25,Student_45,0.7503279699541159
Student_25,Student_46,0.44241504665299924
Student_25,Student_47,0.6476959928579423
Student_25,Student_48,0.09075766855731696
Student_25,Student_49,0.5589019841112478
Student_25,Student_50,0.7103524933472375
Student_26,Student_27,0.5315381213776191
Student_26,Student_28,0.3907048913980759
Student_26,Student_29,0.3350347074490992
Student_26,Student_30,0.443499760655931
Student_26,Student_31,0.44916562030209634
Student_26,Student_32,0.7355035478030147
Student_26,Student_33,0.6407814018687469
Student_26,Student_34,0.739960426279185
Student_26,Student_35,0.6520726732939894
Student_26,Student_36,0.10069344337036251
Student_26,Student_37,0.7927826244666275
Student_26,Student_38,0.45176820872139395
Student_26,Student_39,0.6945331991541273
Student_26,Student_40,0.1972834488967395
Student_26,Student_41,0.9167345209029852
Student_26,Student_42,0.11340461051790349
Student_26,Student_43,0.18700418763072404
Student_26,Student_44,0.20829732417879177
Student_26,Student_45,0.5581139655449159
Student_26,Student_46,0.6385173671124739
Student_26,Student_47,0.45818777643754854
Student_26,Student_48,0.3153793191841256
Student_26,Student_49,0.7387745519375558
Student_26,Student_50,0.8908249717898573
Student_27,Student_28,0.460176614668435
Student_27,Student_29,0.4027149531082565
Student_27,Student_30,0.7055147627523952
Student_27,Student_31,0.703405892164005
Student_27,Student_32,0.3039069592092815
Student_27,Student_33,0.3867352787168892
Student_27,Student_34,0.5104731770662145
Student_27,Student_35,0.41169589992427774
Student_27,Student_36,0.5477060925593197
Student_27,Student_37,0.5495652305018615
Student_27,Student_38,0.18468892497444278
Student_27,Student_39,0.25514254756017835
Student_27,Student_40,0.4557205744171414
Student_27,Student_41,0.4493780898300068
Student_27,Student_42,0.5612435335987049
Student_27,Student_43,0.6466592276902005
Student_27,Student_44,0.255646059258936
Student_27,Student_45,0.5898033566130788
Student_27,Student_46,0.3997644784912576
Student_27,Student_47,0.19825645742097164
Student_27,Student_48,0.7522530792204094
Student_27,Student_49,0.7963047307116664
Student_27,Student_50,0.4486852740432833
Student_28,Student_29,0.6582604717144149
Student_28,Student_30,0.7456323576276178
Student_28,Student_31,0.33393422899261316
Student_28,Student_32,0.6674958390420542
Student_28,Student_33,0.563814540786905
Student_28,Student_34,0.4370773730489438
Student_28,Student_35,0.5568970780524519
Student_28,Student_36,0.49497025229448655
Student_28,Student_37,0.4026348721533106
Student_28,Student_38,0.3529422412901349
Student_28,Student_39,0.2976559219968368
Student_28,Student_40,0.592162343344136
Student_28,Student_41,0.49309458947683743
Student_28,Student_42,0.4908380808451876
Student_28,Student_43,0.3916817779176956
Student_28,Student_44,0.7993282170995064
Student_28,Student_45,0.4428424001088924
Student_28,Student_46,0.5568205206571262
Student_28,Student_47,0.36487246155335923
Student_28,Student_48,0.6941994675862996
Student_28,Student_49,0.6523940450053538
Student_28,Student_50,0.5049968511030294
Student_29,Student_30,0.7047200227091927
Student_29,Student_31,0.7007595526791608
Student_29,Student_32,0.3074268241835973
Student_29,Student_33,0.2048224895268066
Student_29,Student_34,0.08762337577672702
Student_29,Student_35,0.20869156064389274
Student_29,Student_36,0.5588729083726675
Student_29,Student_37,0.34236713895821413
Student_29,Student_38,0.40037937835447607
Student_29,Student_39,0.6568332899281107
Student_29,Student_40,0.6479068618042064
Student_29,Student_41,0.46072978047766006
Student_29,Student_42,0.5736387249461936
Student_29,Student_43,0.4421401396736502
Student_29,Student_44,0.8361895539684623
Student_29,Student_45,0.8030381859560487
Student_29,Student_46,0.20721562505126145
Student_29,Student_47,0.39769133626155234
Student_29,Student_48,0.3645326066332103
Student_29,Student_49,0.5866139420027675
Student_29,Student_50,0.4569291862303161
Student_30,Student_31,0.593941391792411
Student_30,Student_32,0.417193779062073
Student_30,Student_33,0.3199251535316812
Student_30,Student_34,0.39233343412216654
Student_30,Student_35,0.29450442864091425
Student_30,Student_36,0.45859587886979797
Student_30,Student_37,0.4461286935021048
Student_30,Student_38,0.09954588782067762
Student_30,Student_39,0.3502538842054241
Student_30,Student_40,0.33080326843802343
Student_30,Student_41,0.5498616225390577
Student_30,Student_42,0.4431027222593582
Student_30,Student_43,0.34506877177600226
Student_30,Student_44,0.564436320034688
Student_30,Student_45,0.4874349310572074
Student_30,Student_46,0.5081320518674798
Student_30,Student_47,0.29721037069668194
Student_30,Student_48,0.6472023983150417
Student_30,Student_49,0.7079037189605171
Student_30,Student_50,0.5534005129456889
Student_31,Student_32,0.2057061299721953
Student_31,Student_33,0.10968184660532862
Student_31,Student_34,0.3966869161681668
Student_31,Student_35,0.09387763265492251
Student_31,Student_36,0.639148494734422
Student_31,Student_37,0.24174589470021046
Student_31,Student_38,0.3294909442530873
Student_31,Student_39,0.5624467958073678
Student_31,Student_40,0.5364892563379199
Student_31,Student_41,0.33677542043256425
Student_31,Student_42,0.654818660617185
Student_31,Student_43,0.7554726479737797
Student_31,Student_44,0.5554888383531736
Student_31,Student_45,0.897450442064463
Student_31,Student_46,0.29874545739997105
Student_31,Student_47,0.5032787952415936
Student_31,Student_48,0.45085893006293326
Student_31,Student_49,0.6778069962725246
Student_31,Student_50,0.34770200369424803
Student_32,Student_33,0.8914859356573969
Student_32,Student_34,0.8017521141890851
Student_32,Student_35,0.7298525900260341
Student_32,Student_36,0.15367481665474303
Student_32,Student_37,0.5468647031382761
Student_32,Student_38,0.7092180150197724
Student_32,Student_39,0.654826878872092
Student_32,Student_40,0.45420094490451834
Student_32,Student_41,0.8560685059321567
Student_32,Student_42,0.3705654356482954
Student_32,Student_43,0.23869111564674084
Student_32,Student_44,0.4547363207681145
Student_32,Student_45,0.29073618870018464
Student_32,Student_46,0.7055551264634224
Student_32,Student_47,0.690813134885139
Student_32,Student_48,0.3458263318639491
Student_32,Student_49,0.49704910085762094
Student_32,Student_50,0.8597581671934471
Student_33,Student_34,0.7091845444394241
Student_33,Student_35,0.7875428262355361
Student_33,Student_36,0.2505493411099985
Student_33,Student_37,0.6429042014525083
Student_33,Student_38,0.7874149508932465
Student_33,Student_39,0.5478298294957562
Student_33,Student_40,0.5469151721154417
Student_33,Student_41,0.7742671648634553
Student_33,Student_42,0.4543295982536069
Student_33,Student_43,0.3362238249924576
Student_33,Student_44,0.34435225995829055
Student_33,Student_45,0.210213832954294
Student_33,Student_46,0.6208844277286992
Student_33,Student_47,0.5841401668776204
Student_33,Student_48,0.43120075614860953
Student_33,Student_49,0.4187096517537178
Student_33,Student_50,0.753896141773709
Student_34,Student_35,0.6913170726812364
Student_34,Student_36,0.3553462908612243
Student_34,Student_37,0.5236425226098312
Student_34,Student_38,0.5000337550659716
Student_34,Student_39,0.4532782117284308
Student_34,Student_40,0.2592427013953783
Student_34,Student_41,0.6398610404770746
Student_34,Student_42,0.35085687161403356
Student_34,Student_43,0.44074575373940406
Student_34,Student_44,0.25255383755674315
Student_34,Student_45,0.2910465367763698
Student_34,Student_46,0.8959189916083978
Student_34,Student_47,0.6900418460520976
Student_34,Student_48,0.5565113624182366
Student_34,Student_49,0.5085845111665667
Student_34,Student_50,0.6476537943004259
Student_35,Student_36,0.45038237994960023
Student_35,Student_37,0.8355140858536645
Student_35,Student_38,0.5970032335199321
Student_35,Student_39,0.34949795382958254
Student_35,Student_40,0.37620793091029975
Student_35,Student_41,0.5388803297422584
Student_35,Student_42,0.2646417723875244
Student_35,Student_43,0.35996858773465806
Student_35,Student_44,0.35280636404490134
Student_35,Student_45,0.21758620484195135
Student_35,Student_46,0.8037210547260687
Student_35,Student_47,0.4038915919566793
Student_35,Student_48,0.6494687934698246
Student_35,Student_49,0.4122356888241863
Student_35,Student_50,0.5609646923381089
Student_36,Student_37,0.2937432271250379
Student_36,Student_38,0.4368075280540123
Student_36,Student_39,0.19797019362604343
Student_36,Student_40,0.6919996143560235
Student_36,Student_41,0.0
Student_36,Student_42,0.8123743813468414
Student_36,Student_43,0.8954269834491321
Student_36,Student_44,0.6995717661868842
Student_36,Student_45,0.550580227348084
Student_36,Student_46,0.4584843088220528
Student_36,Student_47,0.4275311066601539
Student_36,Student_48,0.793932997052347
Student_36,Student_49,0.3521128369227947
Student_36,Student_50,0.012000789564268612
Student_37,Student_38,0.4450809755249379
Student_37,Student_39,0.48123447293958127
Student_37,Student_40,0.20619711445966138
Student_37,Student_41,0.6936463761117436
Student_37,Student_42,0.08810333340909639
Student_37,Student_43,0.19375654610286777
Student_37,Student_44,0.19815474642344152
Student_37,Student_45,0.34395255335461783
Student_37,Student_46,0.6279443394290093
Student_37,Student_47,0.2589706619688713
Student_37,Student_48,0.5127487504127872
Student_37,Student_49,0.5565152199133951
Student_37,Student_50,0.6886231432957518
Student_38,Student_39,0.7479850846605248
Student_38,Student_40,0.7499347868477054
Student_38,Student_41,0.555987943895619
Student_38,Student_42,0.6566834048871808
Student_38,Student_43,0.542658262012215
Student_38,Student_44,0.5508199555641357
Student_38,Student_45,0.4045728040461524
Student_38,Student_46,0.4145582232214677
Student_38,Student_47,0.8070450653982473
Student_38,Student_48,0.25789056687375517
Student_38,Student_49,0.20083826627929363
Student_38,Student_50,0.564104591452035
Student_39,Student_40,0.504097627959595
Student_39,Student_41,0.7913891208982642
Student_39,Student_42,0.4140336997012519
Student_39,Student_43,0.30697903272539034
Student_39,Student_44,0.4955695597887152
Student_39,Student_45,0.6452050703260075
Student_39,Student_46,0.35296575545140757
Student_39,Student_47,0.7546318479526758
Student_39,Student_48,0.0019729226563120644
Student_39,Student_49,0.4531130867344288
Student_39,Student_50,0.8169995737457637
Student_40,Student_41,0.31071543152234893
Student_40,Student_42,0.9019063559126502
Student_40,Student_43,0.8094131058076748
Student_40,Student_44,0.7896747609647247
Student_40,Student_45,0.6539792704994681
Student_40,Student_46,0.1680930634973311
Student_40,Student_47,0.5478195410460763
Student_40,Student_48,0.49152366071380915
Student_40,Student_49,0.44347911111406935
Student_40,Student_50,0.2891036696265762
Student_41,Student_42,0.19215238091872297
Student_41,Student_43,0.09629491901409971
Student_41,Student_44,0.2859443298082136
Student_41,Student_45,0.450156183339496
Student_41,Student_46,0.5590227717378665
Student_41,Student_47,0.5409224381985307
Student_41,Student_48,0.2151928392364177
Student_41,Student_49,0.6551079208852758
Student_41,Student_50,1.0
Student_42,Student_43,0.8934216544614786
Student_42,Student_44,0.7085452522706662
Student_42,Student_45,0.5390806609960469
Student_42,Student_46,0.2589024750083651
Student_42,Student_47,0.6517183933979354
Student_42,Student_48,0.6055325121998478
Student_42,Student_49,0.33824405394375145
Student_42,Student_50,0.19104930157723396
Student_43,Student_44,0.6059722821825339
Student_43,Student_45,0.640516519957758
Student_43,Student_46,0.3546320629209912
Student_43,Student_47,0.5363286219353974
Student_43,Student_48,0.7084817421266666
Student_43,Student_49,0.4376747668523149
Student_43,Student_50,0.10552299937679524
Student_44,Student_45,0.6562563093364601
Student_44,Student_46,0.3430322818157042
Student_44,Student_47,0.5558202656708473
Student_44,Student_48,0.5026044226333356
Student_44,Student_49,0.44461158143807256
Student_44,Student_50,0.289914453159238
Student_45,Student_46,0.18037374308327422
Student_45,Student_47,0.40349650047299696
Student_45,Student_48,0.3343519722863794
Student_45,Student_49,0.800953441994413
Student_45,Student_50,0.44736551783917744
Student_46,Student_47,0.6067914277543819
Student_46,Student_48,0.6469795450051014
Student_46,Student_49,0.3967055221365291
Student_46,Student_50,0.557318707042883
Student_47,Student_48,0.2533505802908412
Student_47,Student_49,0.2031615595718278
Student_47,Student_50,0.5546926758980852
Student_48,Student_49,0.534644278767929
Student_48,Student_50,0.20756788679986984
Student_49,Student_50,0.6561246879401359
